{
  "file": "C:\\Users\\HP\\Downloads\\Mixar Assignment\\8samples\\8samples\\branch.obj",
  "bins": 1024,
  "original": {
    "name": "original",
    "count": 2767,
    "min": [
      -0.851562,
      0.0,
      -0.464844
    ],
    "max": [
      0.849609,
      1.900391,
      0.462891
    ],
    "mean": [
      0.07544269895193266,
      1.08739029598844,
      0.1219668904951203
    ],
    "std": [
      0.34338019606270165,
      0.4569911304441712,
      0.20006683570555178
    ]
  },
  "norm_minmax": {
    "name": "norm_minmax_[0,1]",
    "count": 2767,
    "min": [
      0.0,
      0.0,
      0.0
    ],
    "max": [
      1.0,
      1.0,
      1.0
    ],
    "mean": [
      0.5449215269669752,
      0.5721929308170988,
      0.6325199442676197
    ],
    "std": [
      0.20184931206956924,
      0.24047216096275412,
      0.21565084394310002
    ]
  },
  "norm_unitsphere": {
    "name": "norm_unitsphere_[0,1]",
    "count": 2767,
    "min": [
      0.15676603815593326,
      0.09738145903157125,
      0.28272663879093385
    ],
    "max": [
      0.7866438184567097,
      0.8010226948529983,
      0.6262310028480103
    ],
    "mean": [
      0.499999999999999,
      0.5000000000000006,
      0.49999999999999867
    ],
    "std": [
      0.12714039664161886,
      0.16920612852048159,
      0.07407700600704656
    ]
  },
  "errors": {
    "mse_minmax": 7.815262558275772e-07,
    "mae_minmax": 0.0007340000765433482,
    "mse_unitsphere": 2.339403117634809e-06,
    "mae_unitsphere": 0.0013248074861238479,
    "per_axis": {
      "mse_mm": [
        8.983184729166263e-07,
        1.173721059976608e-06,
        2.725392345895e-07
      ],
      "mse_us": [
        2.2970399774911926e-06,
        2.4496002808894303e-06,
        2.2715690945238055e-06
      ],
      "mae_mm": [
        0.000818670534695198,
        0.0009330417294175057,
        0.00045028796551734506
      ],
      "mae_us": [
        0.001297137758291712,
        0.0013686973992361497,
        0.0013085873008436882
      ]
    }
  },
  "outputs": {
    "minmax_normalized": "outputs_task2\\branch_minmax_norm.ply",
    "minmax_quantized_recon": "outputs_task2\\branch_minmax_quant.ply",
    "unitsphere_normalized": "outputs_task2\\branch_unitsphere_norm.ply",
    "unitsphere_quantized_recon": "outputs_task2\\branch_unitsphere_quant.ply"
  },
  "contexts": {
    "minmax": {
      "type": "minmax_0_1",
      "vmin": [
        -0.851562,
        0.0,
        -0.464844
      ],
      "vmax": [
        0.849609,
        1.900391,
        0.462891
      ]
    },
    "unitsphere": {
      "type": "unit_sphere",
      "centroid": [
        0.07544269895193266,
        1.08739029598844,
        0.1219668904951203
      ],
      "radius": 1.3503976907930173
    }
  }
}