{
  "file": "C:\\Users\\HP\\Downloads\\Mixar Assignment\\8samples\\8samples\\table.obj",
  "bins": 1024,
  "original": {
    "name": "original",
    "count": 3148,
    "min": [
      -0.208906,
      0.0,
      -0.5
    ],
    "max": [
      0.208906,
      0.611761,
      0.5
    ],
    "mean": [
      -0.013190471728082005,
      0.3863740422490502,
      -0.0035868011435831793
    ],
    "std": [
      0.15311930011790176,
      0.19192154737167663,
      0.34605151975556364
    ]
  },
  "norm_minmax": {
    "name": "norm_minmax_[0,1]",
    "count": 3148,
    "min": [
      0.0,
      0.0,
      0.0
    ],
    "max": [
      1.0,
      1.0,
      1.0
    ],
    "mean": [
      0.46842964843498625,
      0.6315767795741258,
      0.49641319885642005
    ],
    "std": [
      0.3664789429645405,
      0.31371981439104046,
      0.3460515197555628
    ]
  },
  "norm_unitsphere": {
    "name": "norm_unitsphere_[0,1]",
    "count": 3148,
    "min": [
      0.33974094625325585,
      0.18362276131146493,
      0.09351866344711235
    ],
    "max": [
      0.6818607379491204,
      0.6845551086055919,
      0.9123553452462577
    ],
    "mean": [
      0.5000000000000037,
      0.4999999999999911,
      0.4999999999999969
    ],
    "std": [
      0.12537969962794984,
      0.15715240301558223,
      0.28335967816819635
    ]
  },
  "errors": {
    "mse_minmax": 1.4881127939019155e-07,
    "mae_minmax": 0.0003067378844393455,
    "mse_unitsphere": 4.6995121045678146e-07,
    "mae_unitsphere": 0.0005989163298246506,
    "per_axis": {
      "mse_mm": [
        4.331020767845622e-08,
        1.030992184993578e-07,
        3.000244119927595e-07
      ],
      "mse_us": [
        4.678687826287257e-07,
        4.6817462052323864e-07,
        4.738102282183812e-07
      ],
      "mae_mm": [
        0.0001638231939222565,
        0.00027134223252734546,
        0.0004850482268684305
      ],
      "mae_us": [
        0.000599927585765098,
        0.0005995483647841596,
        0.0005972730389246907
      ]
    }
  },
  "outputs": {
    "minmax_normalized": "outputs_task2\\table_minmax_norm.ply",
    "minmax_quantized_recon": "outputs_task2\\table_minmax_quant.ply",
    "unitsphere_normalized": "outputs_task2\\table_unitsphere_norm.ply",
    "unitsphere_quantized_recon": "outputs_task2\\table_unitsphere_quant.ply"
  },
  "contexts": {
    "minmax": {
      "type": "minmax_0_1",
      "vmin": [
        -0.208906,
        0.0,
        -0.5
      ],
      "vmax": [
        0.208906,
        0.611761,
        0.5
      ]
    },
    "unitsphere": {
      "type": "unit_sphere",
      "centroid": [
        -0.013190471728082005,
        0.3863740422490502,
        -0.0035868011435831793
      ],
      "radius": 0.6106223757604528
    }
  }
}