{
  "file": "C:\\Users\\HP\\Downloads\\Mixar Assignment\\8samples\\8samples\\cylinder.obj",
  "bins": 1024,
  "original": {
    "name": "original",
    "count": 192,
    "min": [
      -1.0,
      -1.0,
      -1.0
    ],
    "max": [
      1.0,
      1.0,
      1.0
    ],
    "mean": [
      -2.6020852139652106e-18,
      0.0,
      2.7755575615628914e-17
    ],
    "std": [
      0.7071068300178376,
      1.0,
      0.7071068300178375
    ]
  },
  "norm_minmax": {
    "name": "norm_minmax_[0,1]",
    "count": 192,
    "min": [
      0.0,
      0.0,
      0.0
    ],
    "max": [
      1.0,
      1.0,
      1.0
    ],
    "mean": [
      0.5000000000000004,
      0.5,
      0.5
    ],
    "std": [
      0.3535534150089185,
      0.5,
      0.35355341500891874
    ]
  },
  "norm_unitsphere": {
    "name": "norm_unitsphere_[0,1]",
    "count": 192,
    "min": [
      0.1464466641100851,
      0.1464466641100851,
      0.1464466641100851
    ],
    "max": [
      0.8535533358899149,
      0.8535533358899149,
      0.8535533358899149
    ],
    "mean": [
      0.4999999999999998,
      0.5,
      0.49999999999999994
    ],
    "std": [
      0.24999997858334952,
      0.3535533358899153,
      0.24999997858334935
    ]
  },
  "errors": {
    "mse_minmax": 7.966258421033582e-07,
    "mae_minmax": 0.0006109481915933477,
    "mse_unitsphere": 2.5735636000765344e-06,
    "mae_unitsphere": 0.0013824181634276994,
    "per_axis": {
      "mse_mm": [
        1.1949387631550368e-06,
        0.0,
        1.1949387631550368e-06
      ],
      "mse_us": [
        2.525702349479517e-06,
        2.669286101270609e-06,
        2.5257023494794822e-06
      ],
      "mae_mm": [
        0.0009164222873900216,
        0.0,
        0.0009164222873900216
      ],
      "mae_us": [
        0.0013824181634276992,
        0.0013824181634277122,
        0.0013824181634276868
      ]
    }
  },
  "outputs": {
    "minmax_normalized": "outputs_task2\\cylinder_minmax_norm.ply",
    "minmax_quantized_recon": "outputs_task2\\cylinder_minmax_quant.ply",
    "unitsphere_normalized": "outputs_task2\\cylinder_unitsphere_norm.ply",
    "unitsphere_quantized_recon": "outputs_task2\\cylinder_unitsphere_quant.ply"
  },
  "contexts": {
    "minmax": {
      "type": "minmax_0_1",
      "vmin": [
        -1.0,
        -1.0,
        -1.0
      ],
      "vmax": [
        1.0,
        1.0,
        1.0
      ]
    },
    "unitsphere": {
      "type": "unit_sphere",
      "centroid": [
        -2.6020852139652106e-18,
        0.0,
        2.7755575615628914e-17
      ],
      "radius": 1.4142137811865645
    }
  }
}