{
  "file": "C:\\Users\\HP\\Downloads\\Mixar Assignment\\8samples\\8samples\\explosive.obj",
  "bins": 1024,
  "original": {
    "name": "original",
    "count": 2812,
    "min": [
      -0.199625,
      -0.0,
      -0.197126
    ],
    "max": [
      0.199625,
      1.0,
      0.197126
    ],
    "mean": [
      0.042887511735419326,
      0.5291126276671396,
      -0.00344591038406831
    ],
    "std": [
      0.11509640058689254,
      0.3899412842540049,
      0.09467640394558381
    ]
  },
  "norm_minmax": {
    "name": "norm_minmax_[0,1]",
    "count": 2812,
    "min": [
      0.0,
      0.0,
      0.0
    ],
    "max": [
      1.0,
      1.0,
      1.0
    ],
    "mean": [
      0.6074201921989251,
      0.5291126276671396,
      0.49125962484890695
    ],
    "std": [
      0.288281529334734,
      0.3899412842540049,
      0.24014184822292275
    ]
  },
  "norm_unitsphere": {
    "name": "norm_unitsphere_[0,1]",
    "count": 2812,
    "min": [
      0.279189977826519,
      0.018237759316455937,
      0.3236523774521216
    ],
    "max": [
      0.6427110214291804,
      0.9287475742260647,
      0.6826226929998647
    ],
    "mean": [
      0.5000000000000019,
      0.5000000000000001,
      0.49999999999999717
    ],
    "std": [
      0.10479640239513377,
      0.3550453665517276,
      0.08620379503280126
    ]
  },
  "errors": {
    "mse_minmax": 1.2438178890503777e-07,
    "mae_minmax": 0.0002755318578340662,
    "mse_unitsphere": 3.901548210927798e-07,
    "mae_unitsphere": 0.000546595852152484,
    "per_axis": {
      "mse_mm": [
        5.251261550316453e-08,
        2.725553511728668e-07,
        4.8077400039084075e-08
      ],
      "mse_us": [
        4.512319599703577e-07,
        3.74721075605803e-07,
        3.4451142770217755e-07
      ],
      "mae_mm": [
        0.00019612069937664174,
        0.00043890841617200534,
        0.00019156645795355407
      ],
      "mae_us": [
        0.0005982647499342709,
        0.0005436687963675015,
        0.0004978540101556778
      ]
    }
  },
  "outputs": {
    "minmax_normalized": "outputs_task2\\explosive_minmax_norm.ply",
    "minmax_quantized_recon": "outputs_task2\\explosive_minmax_quant.ply",
    "unitsphere_normalized": "outputs_task2\\explosive_unitsphere_norm.ply",
    "unitsphere_quantized_recon": "outputs_task2\\explosive_unitsphere_quant.ply"
  },
  "contexts": {
    "minmax": {
      "type": "minmax_0_1",
      "vmin": [
        -0.199625,
        -0.0,
        -0.197126
      ],
      "vmax": [
        0.199625,
        1.0,
        0.197126
      ]
    },
    "unitsphere": {
      "type": "unit_sphere",
      "centroid": [
        0.042887511735419326,
        0.5291126276671396,
        -0.00344591038406831
      ],
      "radius": 0.5491428997386895
    }
  }
}