{
  "file": "C:\\Users\\HP\\Downloads\\Mixar Assignment\\8samples\\8samples\\fence.obj",
  "bins": 1024,
  "original": {
    "name": "original",
    "count": 1088,
    "min": [
      -0.5,
      0.0,
      -0.0225
    ],
    "max": [
      0.5,
      0.84317,
      0.0225
    ],
    "mean": [
      -0.003507619485294322,
      0.4104754908088227,
      -0.0004411764705882354
    ],
    "std": [
      0.34579422985967145,
      0.2540461561751911,
      0.010980775115870828
    ]
  },
  "norm_minmax": {
    "name": "norm_minmax_[0,1]",
    "count": 1088,
    "min": [
      0.0,
      0.0,
      0.0
    ],
    "max": [
      1.0,
      1.0,
      1.0
    ],
    "mean": [
      0.4964923805147061,
      0.48682411709243034,
      0.4901960784313721
    ],
    "std": [
      0.3457942298596716,
      0.3012988557173426,
      0.2440172247971302
    ]
  },
  "norm_unitsphere": {
    "name": "norm_unitsphere_[0,1]",
    "count": 1088,
    "min": [
      0.0954592661499748,
      0.16554560997068107,
      0.4820265264711507
    ],
    "max": [
      0.9102567327911433,
      0.852558389918515,
      0.5186924124700033
    ],
    "mean": [
      0.5000000000000024,
      0.5000000000000026,
      0.4999999999999969
    ],
    "std": [
      0.281752262468794,
      0.20699616446147212,
      0.008947107746167934
    ]
  },
  "errors": {
    "mse_minmax": 1.5700000336421819e-07,
    "mae_minmax": 0.00027300471568148183,
    "mse_unitsphere": 3.6075811017769505e-07,
    "mae_unitsphere": 0.0005421463852801064,
    "per_axis": {
      "mse_mm": [
        2.6361238518231795e-07,
        2.0730225868035893e-07,
        8.53662299794119e-11
      ],
      "mse_us": [
        4.0995195710134145e-07,
        3.690322531372848e-07,
        3.0329012029446187e-07
      ],
      "mae_mm": [
        0.0004258087246995595,
        0.000389324104421822,
        3.881317923063797e-06
      ],
      "mae_us": [
        0.0005700807075045329,
        0.0005844154254888728,
        0.0004719430228469186
      ]
    }
  },
  "outputs": {
    "minmax_normalized": "outputs_task2\\fence_minmax_norm.ply",
    "minmax_quantized_recon": "outputs_task2\\fence_minmax_quant.ply",
    "unitsphere_normalized": "outputs_task2\\fence_unitsphere_norm.ply",
    "unitsphere_quantized_recon": "outputs_task2\\fence_unitsphere_quant.ply"
  },
  "contexts": {
    "minmax": {
      "type": "minmax_0_1",
      "vmin": [
        -0.5,
        0.0,
        -0.0225
      ],
      "vmax": [
        0.5,
        0.84317,
        0.0225
      ]
    },
    "unitsphere": {
      "type": "unit_sphere",
      "centroid": [
        -0.003507619485294322,
        0.4104754908088227,
        -0.0004411764705882354
      ],
      "radius": 0.6136494288097692
    }
  }
}