{
  "file": "C:\\Users\\HP\\Downloads\\Mixar Assignment\\8samples\\8samples\\girl.obj",
  "bins": 1024,
  "original": {
    "name": "original",
    "count": 8284,
    "min": [
      -0.5,
      0.0,
      -0.181411
    ],
    "max": [
      0.5,
      0.904419,
      0.181411
    ],
    "mean": [
      0.0021130992274263644,
      0.4033848763882189,
      0.014002046112988808
    ],
    "std": [
      0.1787561516832965,
      0.21438916561955293,
      0.06178976226742751
    ]
  },
  "norm_minmax": {
    "name": "norm_minmax_[0,1]",
    "count": 8284,
    "min": [
      0.0,
      0.0,
      0.0
    ],
    "max": [
      1.0,
      1.0,
      1.0
    ],
    "mean": [
      0.5021130992274269,
      0.4460154821915716,
      0.5385920537150126
    ],
    "std": [
      0.17875615168329653,
      0.23704628675376488,
      0.17030324034217256
    ]
  },
  "norm_unitsphere": {
    "name": "norm_unitsphere_[0,1]",
    "count": 8284,
    "min": [
      0.027209399667702805,
      0.12017207245538797,
      0.31599872314289873
    ],
    "max": [
      0.9688112042407241,
      0.9717746349455152,
      0.6576325730816914
    ],
    "mean": [
      0.500000000000007,
      0.5000000000000028,
      0.499999999999999
    ],
    "std": [
      0.1683171150035235,
      0.2018692252282756,
      0.058181351655147984
    ]
  },
  "errors": {
    "mse_minmax": 2.0540857857605905e-07,
    "mae_minmax": 0.00036982259319256485,
    "mse_unitsphere": 3.5219181767372975e-07,
    "mae_unitsphere": 0.0005163143670199183,
    "per_axis": {
      "mse_mm": [
        3.1510501115967993e-07,
        2.591587972095348e-07,
        4.1961927358961494e-08
      ],
      "mse_us": [
        3.564402524345904e-07,
        3.5091451674872274e-07,
        3.4922068383787376e-07
      ],
      "mae_mm": [
        0.0004910627539078282,
        0.00044113285866406493,
        0.00017727216700580116
      ],
      "mae_us": [
        0.0005213271278649682,
        0.0005159384099560907,
        0.0005116775632387071
      ]
    }
  },
  "outputs": {
    "minmax_normalized": "outputs_task2\\girl_minmax_norm.ply",
    "minmax_quantized_recon": "outputs_task2\\girl_minmax_quant.ply",
    "unitsphere_normalized": "outputs_task2\\girl_unitsphere_norm.ply",
    "unitsphere_quantized_recon": "outputs_task2\\girl_unitsphere_quant.ply"
  },
  "contexts": {
    "minmax": {
      "type": "minmax_0_1",
      "vmin": [
        -0.5,
        0.0,
        -0.181411
      ],
      "vmax": [
        0.5,
        0.904419,
        0.181411
      ]
    },
    "unitsphere": {
      "type": "unit_sphere",
      "centroid": [
        0.0021130992274263644,
        0.4033848763882189,
        0.014002046112988808
      ],
      "radius": 0.5310100273509246
    }
  }
}