{
  "file": "C:\\Users\\HP\\Downloads\\Mixar Assignment\\8samples\\8samples\\person.obj",
  "bins": 1024,
  "original": {
    "name": "original",
    "count": 3103,
    "min": [
      -0.84375,
      -0.0,
      -0.212891
    ],
    "max": [
      0.841797,
      1.900391,
      0.210938
    ],
    "mean": [
      0.004886927489526214,
      1.159459616822451,
      -0.0036142136641959055
    ],
    "std": [
      0.3951321484737889,
      0.511882430249285,
      0.09514434925459693
    ]
  },
  "norm_minmax": {
    "name": "norm_minmax_[0,1]",
    "count": 3103,
    "min": [
      0.0,
      0.0,
      0.0
    ],
    "max": [
      1.0,
      1.0,
      1.0
    ],
    "mean": [
      0.5034786496546976,
      0.6101163480686014,
      0.493776467244583
    ],
    "std": [
      0.23442369063205368,
      0.2693563746877793,
      0.22448758639592006
    ]
  },
  "norm_unitsphere": {
    "name": "norm_unitsphere_[0,1]",
    "count": 3103,
    "min": [
      0.14264826652862123,
      0.011764229742787013,
      0.41187583293876645
    ],
    "max": [
      0.8524136830293261,
      0.8119981061219037,
      0.5903455918420051
    ],
    "mean": [
      0.49999999999999595,
      0.4999999999999851,
      0.49999999999999295
    ],
    "std": [
      0.16638582841909388,
      0.21554809584382906,
      0.040064245420850096
    ]
  },
  "errors": {
    "mse_minmax": 7.891145874144547e-07,
    "mae_minmax": 0.0006918588893309607,
    "mse_unitsphere": 1.7631068611526918e-06,
    "mae_unitsphere": 0.0011392551428412558,
    "per_axis": {
      "mse_mm": [
        9.089308016293389e-07,
        1.396803862313391e-06,
        6.160909830065374e-08
      ],
      "mse_us": [
        1.9290445043511178e-06,
        1.6901141277927428e-06,
        1.6701619513142027e-06
      ],
      "mae_mm": [
        0.0008203834601458733,
        0.0010401376040403895,
        0.00021505560380660475
      ],
      "mae_us": [
        0.0012033436996419966,
        0.001113569845746489,
        0.0011008518831352881
      ]
    }
  },
  "outputs": {
    "minmax_normalized": "outputs_task2\\person_minmax_norm.ply",
    "minmax_quantized_recon": "outputs_task2\\person_minmax_quant.ply",
    "unitsphere_normalized": "outputs_task2\\person_unitsphere_norm.ply",
    "unitsphere_quantized_recon": "outputs_task2\\person_unitsphere_quant.ply"
  },
  "contexts": {
    "minmax": {
      "type": "minmax_0_1",
      "vmin": [
        -0.84375,
        -0.0,
        -0.212891
      ],
      "vmax": [
        0.841797,
        1.900391,
        0.210938
      ]
    },
    "unitsphere": {
      "type": "unit_sphere",
      "centroid": [
        0.004886927489526214,
        1.159459616822451,
        -0.0036142136641959055
      ],
      "radius": 1.1873972447897692
    }
  }
}