{
  "file": "C:\\Users\\HP\\Downloads\\Mixar Assignment\\8samples\\8samples\\talwar.obj",
  "bins": 1024,
  "original": {
    "name": "original",
    "count": 1668,
    "min": [
      -0.031922,
      0.0,
      -0.117146
    ],
    "max": [
      0.031922,
      1.0,
      0.117146
    ],
    "mean": [
      0.021693639688249576,
      0.3027951720623492,
      -0.0043646235011990395
    ],
    "std": [
      0.01116645956142602,
      0.23686892807728208,
      0.04678924306564065
    ]
  },
  "norm_minmax": {
    "name": "norm_minmax_[0,1]",
    "count": 1668,
    "min": [
      0.0,
      0.0,
      0.0
    ],
    "max": [
      1.0,
      1.0,
      1.0
    ],
    "mean": [
      0.8397913615727307,
      0.3027951720623492,
      0.4813710092482925
    ],
    "std": [
      0.1749022548935854,
      0.23686892807728208,
      0.1997048258824063
    ]
  },
  "norm_unitsphere": {
    "name": "norm_unitsphere_[0,1]",
    "count": 1668,
    "min": [
      0.46170127973695874,
      0.28370737234052074,
      0.4194380144576555
    ],
    "max": [
      0.5073063216741808,
      0.9980273074514479,
      0.5867974606946648
    ],
    "mean": [
      0.4999999999999997,
      0.5000000000000023,
      0.5000000000000004
    ],
    "std": [
      0.007976424669336624,
      0.1692001973339592,
      0.033422489070537915
    ]
  },
  "errors": {
    "mse_minmax": 1.307100895117411e-07,
    "mae_minmax": 0.00022837003788953226,
    "mse_unitsphere": 5.845993011736295e-07,
    "mae_unitsphere": 0.0006505920271432901,
    "per_axis": {
      "mse_mm": [
        1.3780026695952058e-09,
        3.727312185166026e-07,
        1.8021047349023286e-08
      ],
      "mse_us": [
        6.359926129282925e-07,
        5.368018446146848e-07,
        5.810034459779177e-07
      ],
      "mae_mm": [
        3.13819073773252e-05,
        0.0005372716378217046,
        0.00011645656846956401
      ],
      "mae_us": [
        0.0006883312872293368,
        0.0006087506735698424,
        0.0006546941206306963
      ]
    }
  },
  "outputs": {
    "minmax_normalized": "outputs_task2\\talwar_minmax_norm.ply",
    "minmax_quantized_recon": "outputs_task2\\talwar_minmax_quant.ply",
    "unitsphere_normalized": "outputs_task2\\talwar_unitsphere_norm.ply",
    "unitsphere_quantized_recon": "outputs_task2\\talwar_unitsphere_quant.ply"
  },
  "contexts": {
    "minmax": {
      "type": "minmax_0_1",
      "vmin": [
        -0.031922,
        0.0,
        -0.117146
      ],
      "vmax": [
        0.031922,
        1.0,
        0.117146
      ]
    },
    "unitsphere": {
      "type": "unit_sphere",
      "centroid": [
        0.021693639688249576,
        0.3027951720623492,
        -0.0043646235011990395
      ],
      "radius": 0.6999664651979155
    }
  }
}